[
    {
        "model": "pages.component",
        "pk": 1,
        "fields": {
            "order": 0,
            "page": 2
        }
    },
    {
        "model": "pages.component",
        "pk": 2,
        "fields": {
            "order": 0,
            "page": 11
        }
    },
    {
        "model": "pages.component",
        "pk": 3,
        "fields": {
            "order": 1,
            "page": 11
        }
    },
    {
        "model": "pages.component",
        "pk": 4,
        "fields": {
            "order": 0,
            "page": 39
        }
    },
    {
        "model": "pages.component",
        "pk": 5,
        "fields": {
            "order": 1,
            "page": 39
        }
    },
    {
        "model": "pages.component",
        "pk": 6,
        "fields": {
            "order": 2,
            "page": 39
        }
    },
    {
        "model": "pages.component",
        "pk": 7,
        "fields": {
            "order": 3,
            "page": 39
        }
    },
    {
        "model": "pages.component",
        "pk": 8,
        "fields": {
            "order": 4,
            "page": 39
        }
    },
    {
        "model": "pages.component",
        "pk": 9,
        "fields": {
            "order": 5,
            "page": 39
        }
    },
    {
        "model": "pages.component",
        "pk": 10,
        "fields": {
            "order": 6,
            "page": 39
        }
    },
    {
        "model": "pages.component",
        "pk": 11,
        "fields": {
            "order": 7,
            "page": 39
        }
    },
    {
        "model": "pages.component",
        "pk": 12,
        "fields": {
            "order": 8,
            "page": 39
        }
    },
    {
        "model": "pages.component",
        "pk": 13,
        "fields": {
            "order": 0,
            "page": 40
        }
    },
    {
        "model": "pages.component",
        "pk": 14,
        "fields": {
            "order": 0,
            "page": 41
        }
    },
    {
        "model": "pages.component",
        "pk": 15,
        "fields": {
            "order": 1,
            "page": 41
        }
    },
    {
        "model": "pages.component",
        "pk": 16,
        "fields": {
            "order": 2,
            "page": 41
        }
    },
    {
        "model": "pages.component",
        "pk": 17,
        "fields": {
            "order": 0,
            "page": 42
        }
    },
    {
        "model": "pages.component",
        "pk": 18,
        "fields": {
            "order": 1,
            "page": 42
        }
    },
    {
        "model": "pages.component",
        "pk": 19,
        "fields": {
            "order": 2,
            "page": 42
        }
    },
    {
        "model": "pages.component",
        "pk": 20,
        "fields": {
            "order": 3,
            "page": 42
        }
    },
    {
        "model": "pages.component",
        "pk": 21,
        "fields": {
            "order": 4,
            "page": 42
        }
    },
    {
        "model": "pages.component",
        "pk": 22,
        "fields": {
            "order": 5,
            "page": 42
        }
    },
    {
        "model": "pages.component",
        "pk": 23,
        "fields": {
            "order": 0,
            "page": 43
        }
    },
    {
        "model": "pages.component",
        "pk": 24,
        "fields": {
            "order": 1,
            "page": 43
        }
    },
    {
        "model": "pages.component",
        "pk": 25,
        "fields": {
            "order": 2,
            "page": 43
        }
    },
    {
        "model": "pages.component",
        "pk": 26,
        "fields": {
            "order": 3,
            "page": 43
        }
    },
    {
        "model": "pages.component",
        "pk": 27,
        "fields": {
            "order": 4,
            "page": 43
        }
    },
    {
        "model": "pages.component",
        "pk": 28,
        "fields": {
            "order": 0,
            "page": 44
        }
    },
    {
        "model": "pages.component",
        "pk": 29,
        "fields": {
            "order": 1,
            "page": 44
        }
    },
    {
        "model": "pages.component",
        "pk": 30,
        "fields": {
            "order": 2,
            "page": 44
        }
    },
    {
        "model": "pages.component",
        "pk": 31,
        "fields": {
            "order": 3,
            "page": 44
        }
    },
    {
        "model": "pages.editorial",
        "pk": 1,
        "fields": {
            "created_date": "2018-07-25T13:29:49.308Z",
            "modified_date": "2018-07-27T10:56:22.060Z",
            "title": "",
            "content": "<p>You can contact us by emailing <a href=\"mailto:brightonphoenix@gmail.com\">brightonphoenix@gmail.com</a> or by&nbsp;filling in the form below</p>",
            "component": 1
        }
    },
    {
        "model": "pages.editorial",
        "pk": 2,
        "fields": {
            "created_date": "2018-07-27T10:58:53.208Z",
            "modified_date": "2018-07-27T11:02:04.722Z",
            "title": "",
            "content": "<p>You can find us at the <a href=\"https://www.freedom-leisure.co.uk/centres/withdean-sports-complex/\">Withdean Stadium track</a> every Wednesday evening from 5:30pm.</p>\r\n\r\n<p>Tongdean Lane, Brighton,&nbsp;<a href=\"https://www.google.co.uk/maps/place/Withdean+Sports+Complex/@50.8535931,-0.1597183,18z/data=!4m13!1m7!3m6!1s0x48758f8d2383f9dd:0x32e9caf72a3d565b!2sTongdean+Ln,+Brighton+BN1+5JD!3b1!8m2!3d50.8538631!4d-0.159572!3m4!1s0x48758f8d23653431:0x57201f67be7f42a0!8m2!3d50.852903!4d-0.1602452\">BN1 5JD</a></p>",
            "component": 2
        }
    },
    {
        "model": "pages.image",
        "pk": 3,
        "fields": {
            "created_date": "2018-07-27T10:58:53.235Z",
            "modified_date": "2018-07-27T10:58:53.235Z",
            "image_alt": "Map of Withdean stadium",
            "caption": "",
            "component": 3,
            "image": "page/11/image/map.jpg"
        }
    },
    {
        "model": "pages.editorial",
        "pk": 3,
        "fields": {
            "created_date": "2018-08-07T14:01:04.050Z",
            "modified_date": "2018-08-07T14:06:41.588Z",
            "title": "Login",
            "content": "<ol>\r\n\t<li>Visit <a href=\"https://www.brightonphoenix.org.uk/admin\">https://www.brightonphoenix.org.uk/admin</a></li>\r\n\t<li>Log in (if you don&#39;t have login details, contact the web team)</li>\r\n</ol>\r\n\r\n<p>The following content can be edited:</p>\r\n\r\n<ul>\r\n\t<li>Fixtures and categories</li>\r\n\t<li>Results</li>\r\n\t<li>Contacts and topics</li>\r\n\t<li>Files</li>\r\n\t<li>Hero images</li>\r\n\t<li>News</li>\r\n\t<li>Pages</li>\r\n</ul>",
            "component": 4
        }
    },
    {
        "model": "pages.editorial",
        "pk": 4,
        "fields": {
            "created_date": "2018-08-07T14:06:41.604Z",
            "modified_date": "2018-08-07T14:06:41.604Z",
            "title": "Fixtures and categories",
            "content": "<p><strong>Fixtures</strong><br />\r\nFor each new fixture, add a name and date. Optionally add a location, link and category.</p>\r\n\r\n<p><strong>Categories</strong><br />\r\nYou can assign each fixture (or result) to one or more categories, for example <em>Sussex Grand Prix</em>&nbsp;or&nbsp;<em>Road Race.</em></p>\r\n\r\n<ul>\r\n</ul>",
            "component": 5
        }
    },
    {
        "model": "pages.editorial",
        "pk": 5,
        "fields": {
            "created_date": "2018-08-07T14:08:56.482Z",
            "modified_date": "2018-08-07T14:08:56.482Z",
            "title": "Results",
            "content": "<p>New results need to be assigned to a fixture. If it doesn&#39;t already exist, you will need to first create the fixture.</p>\r\n\r\n<p>Result content is split into two parts, a <em>summary</em>&nbsp;which is the text description of the event, and&nbsp;<em>results</em>&nbsp;which is the (usually tabular) result content.</p>\r\n\r\n<p>Optionally, add a link for full results.</p>",
            "component": 6
        }
    },
    {
        "model": "pages.editorial",
        "pk": 6,
        "fields": {
            "created_date": "2018-08-07T14:14:08.093Z",
            "modified_date": "2018-08-07T14:14:08.094Z",
            "title": "Contacts and topics",
            "content": "<p>The contact form allows members of the public to contact Phoenix through the website.</p>\r\n\r\n<p>The dropdown list in the contact form allows people to choose the relevant topic of&nbsp;their message.</p>\r\n\r\n<p>For any submission for the contact form, a message will be sent to the main Phoenix email account. Based on the selected topic,&nbsp;the relevant people will also be copied in to the email.</p>\r\n\r\n<p><strong>Contacts</strong><br />\r\nIn the admin section, contact information&nbsp;can be added by submitting a name and email address. These aren&#39;t displayed on the site but they are used to assign topics.</p>\r\n\r\n<p><strong>Topics</strong><br />\r\nContacts can be&nbsp;assigned to topics. These topics will&nbsp;appear in the dropdown list, and the contacts will receive a message when the topic is selected.</p>",
            "component": 7
        }
    },
    {
        "model": "pages.editorial",
        "pk": 7,
        "fields": {
            "created_date": "2018-08-07T14:18:57.748Z",
            "modified_date": "2018-08-07T14:18:57.748Z",
            "title": "Files",
            "content": "<p>Files can be uploaded through the admin area.</p>\r\n\r\n<p>Once uploaded, the listing page will display the URL for each file.</p>\r\n\r\n<p>This can be copied, and pasted as a link in the relevant part of the website.</p>",
            "component": 8
        }
    },
    {
        "model": "pages.editorial",
        "pk": 8,
        "fields": {
            "created_date": "2018-08-07T14:18:57.758Z",
            "modified_date": "2018-08-07T14:18:57.758Z",
            "title": "Hero images",
            "content": "<p>New hero images can be added, they can be set to appear at the top of a page behind the page title.</p>",
            "component": 9
        }
    },
    {
        "model": "pages.editorial",
        "pk": 9,
        "fields": {
            "created_date": "2018-08-07T14:18:57.770Z",
            "modified_date": "2018-08-07T14:18:57.770Z",
            "title": "News",
            "content": "<p><strong>Title and summary</strong><br />\r\nNews articles should have a title and summary. The title is used to auto-generate the page &#39;slug&#39; (its link). The summary is used on the home page and news listing page. The summary doesn&#39;t appear on the news detail page.</p>\r\n\r\n<p><strong>Thumbnail</strong><br />\r\nEach news article can have a thumbnail uploaded. The thumbnail is used on the home page and news listing page. It doesn&#39;t appear on the news detail page.</p>\r\n\r\n<p><strong>Components</strong><br />\r\nSee below for how components with news articles and pages</p>",
            "component": 10
        }
    },
    {
        "model": "pages.editorial",
        "pk": 10,
        "fields": {
            "created_date": "2018-08-07T14:23:53.280Z",
            "modified_date": "2018-08-07T14:23:53.280Z",
            "title": "Pages",
            "content": "<p>New pages can be added to the site.&nbsp;</p>\r\n\r\n<p>For each page, a <em>parent</em>&nbsp;page can be assigned. This allows pages to be &#39;nested&#39;, creating a heirarchy.&nbsp;</p>\r\n\r\n<p>The &#39;slug&#39; (link) for each page is automatically generated from its title, and also the title from any parent pages.</p>\r\n\r\n<p><strong>Components</strong><br />\r\nSee below for how components with news articles and pages</p>",
            "component": 11
        }
    },
    {
        "model": "pages.editorial",
        "pk": 11,
        "fields": {
            "created_date": "2018-08-07T14:28:51.562Z",
            "modified_date": "2018-08-07T14:28:51.562Z",
            "title": "Components",
            "content": "<p>For news articles and pages, there are five types of <em>component</em>&nbsp;that can be used to create content:&nbsp;</p>\r\n\r\n<ol>\r\n\t<li>Editorial</li>\r\n\t<li>Image</li>\r\n\t<li>Quote</li>\r\n\t<li>Feature</li>\r\n\t<li>List Items</li>\r\n</ol>\r\n\r\n<p>These components can be used as many times as desired, in any order.</p>\r\n\r\n<p>Further details for each of these components can be found on the sub-pages of this guide</p>",
            "component": 12
        }
    },
    {
        "model": "pages.editorial",
        "pk": 12,
        "fields": {
            "created_date": "2018-08-07T14:30:27.562Z",
            "modified_date": "2018-08-07T14:30:27.562Z",
            "title": "",
            "content": "<p>Editorial components are text blocks, such as this.&nbsp;</p>\r\n\r\n<p>They have some style options, such as <strong>bold&nbsp;</strong>and&nbsp;<em>italic</em>&nbsp;text, and&nbsp;<a href=\"https://www.brightonphoenix.org.uk\">links</a>.</p>\r\n\r\n<ol>\r\n\t<li>Numbered</li>\r\n\t<li>lists</li>\r\n</ol>\r\n\r\n<ul>\r\n\t<li>Bullet</li>\r\n\t<li>point</li>\r\n\t<li>lists</li>\r\n</ul>",
            "component": 13
        }
    },
    {
        "model": "pages.editorial",
        "pk": 13,
        "fields": {
            "created_date": "2018-08-07T14:35:58.987Z",
            "modified_date": "2018-08-07T14:35:58.987Z",
            "title": "",
            "content": "<p>Images&nbsp;can be landscape or portrait, they are resized&nbsp;automatically to display at the correct resolution for the website.</p>\r\n\r\n<p>When possible, <em>alt text</em>&nbsp;should be added for a photo giving a brief description of its contents.</p>\r\n\r\n<p>Optionally, a caption can be added. It can be used to describe further details, such as where the photo was taken, who by, etc. When set, this will be displayed in the bottom corner of&nbsp;the photo.&nbsp;</p>",
            "component": 14
        }
    },
    {
        "model": "pages.editorial",
        "pk": 14,
        "fields": {
            "created_date": "2018-08-07T14:44:38.845Z",
            "modified_date": "2018-08-07T14:44:38.845Z",
            "title": "",
            "content": "<p>Feature components can be used to place text alongside an image.&nbsp;</p>\r\n\r\n<p>There are two required pieces of information for a feature component:</p>\r\n\r\n<ul>\r\n\t<li>Title</li>\r\n\t<li>Text content</li>\r\n</ul>\r\n\r\n<p>There are several optional pieces of information:</p>\r\n\r\n<ul>\r\n\t<li>A subtitle</li>\r\n\t<li>An image</li>\r\n\t<li>Image alt text</li>\r\n\t<li>A link URL</li>\r\n\t<li>The link text</li>\r\n</ul>\r\n\r\n<p>There are also&nbsp;configuration options:&nbsp;</p>\r\n\r\n<ul>\r\n\t<li>Image/text alignment - e.g. image to the left or right of the text, or centred text (with no image)</li>\r\n\t<li>The background colour - light or dark blue, or white</li>\r\n</ul>",
            "component": 17
        }
    },
    {
        "model": "pages.editorial",
        "pk": 15,
        "fields": {
            "created_date": "2018-08-07T14:44:38.858Z",
            "modified_date": "2018-08-07T14:44:38.858Z",
            "title": "Example feature components",
            "content": "<p>Several examples are displayed below:</p>",
            "component": 18
        }
    },
    {
        "model": "pages.editorial",
        "pk": 16,
        "fields": {
            "created_date": "2018-08-07T14:49:04.075Z",
            "modified_date": "2018-08-07T14:49:04.075Z",
            "title": "",
            "content": "<p>Quote components can be used to place a quote alongside an image.&nbsp;</p>\r\n\r\n<p>There is one&nbsp;required&nbsp;piece&nbsp;of information for a quote component:</p>\r\n\r\n<ul>\r\n\t<li>Quote</li>\r\n</ul>\r\n\r\n<p>There are several optional pieces of information:</p>\r\n\r\n<ul>\r\n\t<li>Author</li>\r\n\t<li>An image</li>\r\n\t<li>Image alt text</li>\r\n</ul>\r\n\r\n<p>There are also&nbsp;configuration options:&nbsp;</p>\r\n\r\n<ul>\r\n\t<li>Image/text alignment - e.g. image to the left or right of the text, or centred text (with no image)</li>\r\n\t<li>The background colour - light or dark blue, or white</li>\r\n</ul>",
            "component": 23
        }
    },
    {
        "model": "pages.editorial",
        "pk": 17,
        "fields": {
            "created_date": "2018-08-07T14:49:04.089Z",
            "modified_date": "2018-08-07T14:49:04.089Z",
            "title": "Example quote components",
            "content": "<p>Several examples are displayed below:</p>",
            "component": 24
        }
    },
    {
        "model": "pages.editorial",
        "pk": 18,
        "fields": {
            "created_date": "2018-08-07T14:55:55.286Z",
            "modified_date": "2018-08-07T14:55:55.286Z",
            "title": "",
            "content": "<p>List items components can be used to link through to other sections of the website.</p>\r\n\r\n<p>They can be either two or three in a row.</p>\r\n\r\n<p>There is optional content for each list item:</p>\r\n\r\n<ul>\r\n\t<li>Title</li>\r\n\t<li>Content</li>\r\n\t<li>Image</li>\r\n\t<li>Image alt text</li>\r\n\t<li>Link url</li>\r\n\t<li>Link text</li>\r\n</ul>",
            "component": 28
        }
    },
    {
        "model": "pages.editorial",
        "pk": 19,
        "fields": {
            "created_date": "2018-08-07T14:55:55.298Z",
            "modified_date": "2018-08-07T14:55:55.298Z",
            "title": "Example list item components",
            "content": "<p>Two examples are displayed below:</p>",
            "component": 29
        }
    },
    {
        "model": "pages.feature",
        "pk": 1,
        "fields": {
            "created_date": "2018-08-07T14:44:38.870Z",
            "modified_date": "2018-08-07T14:45:46.884Z",
            "title": "Image left, text right, dark bg",
            "subtitle": "",
            "content": "Consectetur sunt quis anim dolor magna. Excepteur est deserunt id ex commodo.",
            "image_alt": "",
            "link_url": "https://www.brightonphoenix.org.uk",
            "link_text": "Link",
            "align": "imageLeft",
            "background": "dark",
            "component": 19,
            "image": "page/42/feature/1.jpg"
        }
    },
    {
        "model": "pages.feature",
        "pk": 2,
        "fields": {
            "created_date": "2018-08-07T14:44:38.884Z",
            "modified_date": "2018-08-07T14:45:46.927Z",
            "title": "Image right, text left, light bg",
            "subtitle": "subtitle",
            "content": "Nisi adipisicing laborum enim est amet ex consequat consequat.",
            "image_alt": "",
            "link_url": "",
            "link_text": "",
            "align": "imageRight",
            "background": "light",
            "component": 20,
            "image": "page/42/feature/1_JAQIAQj.jpg"
        }
    },
    {
        "model": "pages.feature",
        "pk": 3,
        "fields": {
            "created_date": "2018-08-07T14:44:38.897Z",
            "modified_date": "2018-08-07T14:44:38.897Z",
            "title": "Image left, text right, white background",
            "subtitle": "",
            "content": "In Lorem velit sunt aliquip minim dolore ad officia. Mollit qui quis fugiat laboris ipsum esse eu do.",
            "image_alt": "",
            "link_url": "",
            "link_text": "",
            "align": "imageLeft",
            "background": "white",
            "component": 21,
            "image": "page/42/feature/2.jpg"
        }
    },
    {
        "model": "pages.feature",
        "pk": 4,
        "fields": {
            "created_date": "2018-08-07T14:44:38.913Z",
            "modified_date": "2018-08-07T14:44:38.913Z",
            "title": "Centred text, no image, dark background",
            "subtitle": "Subtitle",
            "content": "In Lorem velit sunt aliquip minim dolore ad officia. Mollit qui quis fugiat laboris ipsum esse eu do.",
            "image_alt": "",
            "link_url": "",
            "link_text": "",
            "align": "centre",
            "background": "dark",
            "component": 22,
            "image": ""
        }
    },
    {
        "model": "pages.quote",
        "pk": 1,
        "fields": {
            "created_date": "2018-08-07T14:49:04.102Z",
            "modified_date": "2018-08-07T14:49:04.102Z",
            "quote": "Image left, text right, dark bg",
            "author": "Author name",
            "image_alt": "",
            "align": "imageLeft",
            "background": "dark",
            "component": 25,
            "image": "page/43/quote/1.jpg"
        }
    },
    {
        "model": "pages.quote",
        "pk": 2,
        "fields": {
            "created_date": "2018-08-07T14:49:04.117Z",
            "modified_date": "2018-08-07T14:49:04.117Z",
            "quote": "Image right, text left, light bg",
            "author": "",
            "image_alt": "",
            "align": "imageRight",
            "background": "light",
            "component": 26,
            "image": "page/43/quote/1_4KZslKt.jpg"
        }
    },
    {
        "model": "pages.quote",
        "pk": 3,
        "fields": {
            "created_date": "2018-08-07T14:49:04.132Z",
            "modified_date": "2018-08-07T14:49:04.132Z",
            "quote": "Text centre, no image, dark bg",
            "author": "Author name",
            "image_alt": "",
            "align": "centre",
            "background": "dark",
            "component": 27,
            "image": ""
        }
    },
    {
        "model": "pages.image",
        "pk": 3,
        "fields": {
            "created_date": "2018-07-27T10:58:53.235Z",
            "modified_date": "2018-07-27T10:58:53.235Z",
            "image_alt": "Map of Withdean stadium",
            "caption": "",
            "component": 3,
            "image": "page/11/image/map.jpg"
        }
    },
    {
        "model": "pages.image",
        "pk": 4,
        "fields": {
            "created_date": "2018-08-07T14:35:59.006Z",
            "modified_date": "2018-08-07T14:35:59.006Z",
            "image_alt": "A description of the photo",
            "caption": "An example of a landscape photo",
            "component": 15,
            "image": "page/41/image/3.jpg"
        }
    },
    {
        "model": "pages.image",
        "pk": 5,
        "fields": {
            "created_date": "2018-08-07T14:35:59.024Z",
            "modified_date": "2018-08-07T14:35:59.024Z",
            "image_alt": "A description of the photo",
            "caption": "An example of a portrait photo",
            "component": 16,
            "image": "page/41/image/3-portrait.jpg"
        }
    },
    {
        "model": "pages.listitems",
        "pk": 1,
        "fields": {
            "created_date": "2018-08-07T14:55:55.316Z",
            "modified_date": "2018-08-07T14:57:30.262Z",
            "title_1": "Two list items",
            "content_1": "Quis minim ut fugiat velit labore ex velit eu anim. Minim duis in anim consequat aliqua non irure enim velit laborum quis nisi labore.",
            "image_alt_1": "",
            "link_url_1": "https://www.brightonphoenix.org.uk",
            "link_text_1": "Link 1",
            "title_2": "",
            "content_2": "In reprehenderit Lorem veniam occaecat dolore ullamco pariatur proident cillum dolor minim sit consequat",
            "image_alt_2": "",
            "link_url_2": "https://www.brightonphoenix.org.uk",
            "link_text_2": "Link 2",
            "title_3": "",
            "content_3": "",
            "image_alt_3": "",
            "link_url_3": "",
            "link_text_3": "",
            "component": 30,
            "image_1": "page/44/list-items/1.jpg",
            "image_2": "page/44/list-items/2.jpg",
            "image_3": ""
        }
    },
    {
        "model": "pages.listitems",
        "pk": 2,
        "fields": {
            "created_date": "2018-08-07T14:55:55.330Z",
            "modified_date": "2018-08-07T14:57:30.308Z",
            "title_1": "Three list items",
            "content_1": "Ea eiusmod veniam id nulla sunt occaecat adipisicing mollit. Tempor minim amet consequat sint est est Lorem excepteur laboris exercitation.",
            "image_alt_1": "",
            "link_url_1": "https://www.brightonphoenix.org.uk",
            "link_text_1": "Link 1",
            "title_2": "",
            "content_2": "Quis amet consequat id ipsum.",
            "image_alt_2": "",
            "link_url_2": "https://www.brightonphoenix.org.uk",
            "link_text_2": "Link 2",
            "title_3": "",
            "content_3": "Quis minim ut fugiat velit labore ex velit eu anim. Minim duis in anim consequat aliqua non irure enim velit laborum quis nisi labore.",
            "image_alt_3": "",
            "link_url_3": "https://www.brightonphoenix.org.uk",
            "link_text_3": "Link 3",
            "component": 31,
            "image_1": "page/44/list-items/3.jpg",
            "image_2": "page/44/list-items/1_5QdBxCv.jpg",
            "image_3": "page/44/list-items/2_OHjWAwG.jpg"
        }
    },
    {
        "model": "pages.page",
        "pk": 1,
        "fields": {
            "title": "About",
            "parent": null,
            "slug": "/about/",
            "created_date": "2018-07-18T14:32:05.524Z",
            "modified_date": "2018-07-25T16:18:53.269Z",
            "author": 1
        }
    },
    {
        "model": "pages.page",
        "pk": 2,
        "fields": {
            "title": "Contact",
            "parent": null,
            "slug": "/contact/",
            "created_date": "2018-07-25T13:29:49.304Z",
            "modified_date": "2018-07-27T10:56:21.937Z",
            "author": 1
        }
    },
    {
        "model": "pages.page",
        "pk": 3,
        "fields": {
            "title": "Fixtures",
            "parent": null,
            "slug": "/fixtures/",
            "created_date": "2018-07-25T15:22:29.061Z",
            "modified_date": "2018-07-26T10:18:50.073Z",
            "author": 1
        }
    },
    {
        "model": "pages.page",
        "pk": 4,
        "fields": {
            "title": "Results",
            "parent": null,
            "slug": "/results/",
            "created_date": "2018-07-25T15:27:11.755Z",
            "modified_date": "2018-07-27T10:52:42.058Z",
            "author": 1
        }
    },
    {
        "model": "pages.page",
        "pk": 5,
        "fields": {
            "title": "Club Values",
            "parent": 1,
            "slug": "/about/club-values/",
            "created_date": "2018-07-25T17:07:41.715Z",
            "modified_date": "2018-07-27T10:50:20.306Z",
            "author": 1
        }
    },
    {
        "model": "pages.page",
        "pk": 6,
        "fields": {
            "title": "Club History",
            "parent": 1,
            "slug": "/about/club-history/",
            "created_date": "2018-07-25T17:08:32.467Z",
            "modified_date": "2018-07-27T10:50:49.910Z",
            "author": 1
        }
    },
    {
        "model": "pages.page",
        "pk": 7,
        "fields": {
            "title": "Events",
            "parent": null,
            "slug": "/events/",
            "created_date": "2018-07-26T14:27:41.736Z",
            "modified_date": "2018-07-27T10:53:05.013Z",
            "author": 1
        }
    },
    {
        "model": "pages.page",
        "pk": 8,
        "fields": {
            "title": "Constitution and Policies",
            "parent": 1,
            "slug": "/about/constitution-and-policies/",
            "created_date": "2018-07-27T10:51:46.597Z",
            "modified_date": "2018-07-27T10:53:26.970Z",
            "author": 1
        }
    },
    {
        "model": "pages.page",
        "pk": 9,
        "fields": {
            "title": "Awards & Records",
            "parent": 1,
            "slug": "/about/awards-records/",
            "created_date": "2018-07-27T10:52:07.789Z",
            "modified_date": "2018-07-27T10:52:07.789Z",
            "author": 1
        }
    },
    {
        "model": "pages.page",
        "pk": 10,
        "fields": {
            "title": "Club Reps",
            "parent": 1,
            "slug": "/about/club-reps/",
            "created_date": "2018-07-27T10:52:21.428Z",
            "modified_date": "2018-07-27T10:53:19.630Z",
            "author": 1
        }
    },
    {
        "model": "pages.page",
        "pk": 11,
        "fields": {
            "title": "Find us",
            "parent": 2,
            "slug": "/contact/find-us/",
            "created_date": "2018-07-27T10:58:53.154Z",
            "modified_date": "2018-07-27T11:02:04.570Z",
            "author": 1
        }
    },
    {
        "model": "pages.page",
        "pk": 12,
        "fields": {
            "title": "Training",
            "parent": null,
            "slug": "/training/",
            "created_date": "2018-07-27T11:03:48.984Z",
            "modified_date": "2018-07-27T11:03:48.984Z",
            "author": 1
        }
    },
    {
        "model": "pages.page",
        "pk": 13,
        "fields": {
            "title": "Training pathway",
            "parent": 12,
            "slug": "/training/training-pathway/",
            "created_date": "2018-07-27T11:04:04.522Z",
            "modified_date": "2018-07-27T11:04:04.522Z",
            "author": 1
        }
    },
    {
        "model": "pages.page",
        "pk": 14,
        "fields": {
            "title": "Juniors",
            "parent": 12,
            "slug": "/training/juniors/",
            "created_date": "2018-07-27T11:04:14.205Z",
            "modified_date": "2018-07-27T11:04:14.205Z",
            "author": 1
        }
    },
    {
        "model": "pages.page",
        "pk": 15,
        "fields": {
            "title": "Strength and conditioning",
            "parent": 14,
            "slug": "/training/juniors/strength-and-conditioning/",
            "created_date": "2018-07-27T11:04:33.146Z",
            "modified_date": "2018-07-27T11:04:33.146Z",
            "author": 1
        }
    },
    {
        "model": "pages.page",
        "pk": 16,
        "fields": {
            "title": "Track",
            "parent": 14,
            "slug": "/training/juniors/track/",
            "created_date": "2018-07-27T11:04:44.573Z",
            "modified_date": "2018-07-27T11:04:44.573Z",
            "author": 1
        }
    },
    {
        "model": "pages.page",
        "pk": 17,
        "fields": {
            "title": "Seniors",
            "parent": 12,
            "slug": "/training/seniors/",
            "created_date": "2018-07-27T11:04:54.826Z",
            "modified_date": "2018-07-27T11:04:54.826Z",
            "author": 1
        }
    },
    {
        "model": "pages.page",
        "pk": 18,
        "fields": {
            "title": "Multisport",
            "parent": 17,
            "slug": "/training/seniors/multisport/",
            "created_date": "2018-07-27T11:05:10.706Z",
            "modified_date": "2018-07-27T11:05:10.706Z",
            "author": 1
        }
    },
    {
        "model": "pages.page",
        "pk": 19,
        "fields": {
            "title": "Strength and conditioning",
            "parent": 17,
            "slug": "/training/seniors/strength-and-conditioning/",
            "created_date": "2018-07-27T11:05:28.964Z",
            "modified_date": "2018-07-27T11:05:28.964Z",
            "author": 1
        }
    },
    {
        "model": "pages.page",
        "pk": 20,
        "fields": {
            "title": "Track",
            "parent": 17,
            "slug": "/training/seniors/track/",
            "created_date": "2018-07-27T11:05:39.505Z",
            "modified_date": "2018-07-27T11:05:39.505Z",
            "author": 1
        }
    },
    {
        "model": "pages.page",
        "pk": 21,
        "fields": {
            "title": "Club run",
            "parent": 17,
            "slug": "/training/seniors/club-run/",
            "created_date": "2018-07-27T11:05:53.155Z",
            "modified_date": "2018-07-27T11:05:53.155Z",
            "author": 1
        }
    },
    {
        "model": "pages.page",
        "pk": 22,
        "fields": {
            "title": "Swimming",
            "parent": 17,
            "slug": "/training/seniors/swimming/",
            "created_date": "2018-07-27T11:06:02.372Z",
            "modified_date": "2018-07-27T11:06:02.372Z",
            "author": 1
        }
    },
    {
        "model": "pages.page",
        "pk": 23,
        "fields": {
            "title": "Elite",
            "parent": 12,
            "slug": "/training/elite/",
            "created_date": "2018-07-27T11:06:15.778Z",
            "modified_date": "2018-07-27T11:06:15.778Z",
            "author": 1
        }
    },
    {
        "model": "pages.page",
        "pk": 25,
        "fields": {
            "title": "Phoenix 10k",
            "parent": 7,
            "slug": "/events/phoenix-10k/",
            "created_date": "2018-07-27T11:07:02.534Z",
            "modified_date": "2018-07-27T11:07:02.534Z",
            "author": 1
        }
    },
    {
        "model": "pages.page",
        "pk": 26,
        "fields": {
            "title": "BMC Open",
            "parent": 7,
            "slug": "/events/bmc-open/",
            "created_date": "2018-07-27T11:07:16.163Z",
            "modified_date": "2018-07-27T11:07:16.163Z",
            "author": 1
        }
    },
    {
        "model": "pages.page",
        "pk": 27,
        "fields": {
            "title": "Big W",
            "parent": 7,
            "slug": "/events/big-w/",
            "created_date": "2018-07-27T11:07:29.122Z",
            "modified_date": "2018-07-27T11:07:29.122Z",
            "author": 1
        }
    },
    {
        "model": "pages.page",
        "pk": 28,
        "fields": {
            "title": "Black Cap",
            "parent": 7,
            "slug": "/events/black-cap/",
            "created_date": "2018-07-27T11:07:41.951Z",
            "modified_date": "2018-07-27T11:07:41.952Z",
            "author": 1
        }
    },
    {
        "model": "pages.page",
        "pk": 29,
        "fields": {
            "title": "Beer mile",
            "parent": 7,
            "slug": "/events/beer-mile/",
            "created_date": "2018-07-27T11:07:54.503Z",
            "modified_date": "2018-07-27T11:07:54.503Z",
            "author": 1
        }
    },
    {
        "model": "pages.page",
        "pk": 30,
        "fields": {
            "title": "Awards night",
            "parent": 7,
            "slug": "/events/awards-night/",
            "created_date": "2018-07-27T11:08:26.766Z",
            "modified_date": "2018-07-27T11:08:26.766Z",
            "author": 1
        }
    },
    {
        "model": "pages.page",
        "pk": 31,
        "fields": {
            "title": "Membership",
            "parent": null,
            "slug": "/membership/",
            "created_date": "2018-07-27T11:08:41.503Z",
            "modified_date": "2018-07-27T11:08:41.503Z",
            "author": 1
        }
    },
    {
        "model": "pages.page",
        "pk": 32,
        "fields": {
            "title": "Join",
            "parent": 31,
            "slug": "/membership/join/",
            "created_date": "2018-07-27T11:08:54.929Z",
            "modified_date": "2018-07-27T11:08:54.929Z",
            "author": 1
        }
    },
    {
        "model": "pages.page",
        "pk": 33,
        "fields": {
            "title": "Renew",
            "parent": 31,
            "slug": "/membership/renew/",
            "created_date": "2018-07-27T11:09:04.092Z",
            "modified_date": "2018-07-27T11:09:04.092Z",
            "author": 1
        }
    },
    {
        "model": "pages.page",
        "pk": 34,
        "fields": {
            "title": "Kit",
            "parent": 31,
            "slug": "/membership/kit/",
            "created_date": "2018-07-27T11:09:13.610Z",
            "modified_date": "2018-07-27T11:09:13.610Z",
            "author": 1
        }
    },
    {
        "model": "pages.page",
        "pk": 35,
        "fields": {
            "title": "Testimonials",
            "parent": 31,
            "slug": "/membership/testimonials/",
            "created_date": "2018-07-27T11:09:27.152Z",
            "modified_date": "2018-07-27T11:09:27.152Z",
            "author": 1
        }
    },
    {
        "model": "pages.page",
        "pk": 36,
        "fields": {
            "title": "Privacy",
            "parent": null,
            "slug": "/privacy/",
            "created_date": "2018-07-27T11:09:47.015Z",
            "modified_date": "2018-07-27T11:09:47.015Z",
            "author": 1
        }
    },
    {
        "model": "pages.page",
        "pk": 37,
        "fields": {
            "title": "Terms and conditions",
            "parent": null,
            "slug": "/terms-and-conditions/",
            "created_date": "2018-07-27T11:10:02.834Z",
            "modified_date": "2018-07-27T11:10:02.835Z",
            "author": 1
        }
    },
    {
        "model": "pages.page",
        "pk": 38,
        "fields": {
            "title": "Cookies",
            "parent": null,
            "slug": "/cookies/",
            "created_date": "2018-07-27T11:10:12.084Z",
            "modified_date": "2018-07-27T11:10:12.084Z",
            "author": 1
        }
    },
    {
        "model": "pages.page",
        "pk": 39,
        "fields": {
            "title": "How to use the admin",
            "parent": null,
            "slug": "/how-to-use-the-admin/",
            "created_date": "2018-08-07T14:01:04.028Z",
            "modified_date": "2018-08-07T14:28:51.004Z",
            "author": 1
        }
    },
    {
        "model": "pages.page",
        "pk": 40,
        "fields": {
            "title": "Editorial components",
            "parent": 39,
            "slug": "/how-to-use-the-admin/editorial-components/",
            "created_date": "2018-08-07T14:30:27.526Z",
            "modified_date": "2018-08-07T14:30:27.526Z",
            "author": 1
        }
    },
    {
        "model": "pages.page",
        "pk": 41,
        "fields": {
            "title": "Image components",
            "parent": 39,
            "slug": "/how-to-use-the-admin/image-components/",
            "created_date": "2018-08-07T14:35:58.928Z",
            "modified_date": "2018-08-07T14:35:58.928Z",
            "author": 1
        }
    },
    {
        "model": "pages.page",
        "pk": 42,
        "fields": {
            "title": "Feature components",
            "parent": 39,
            "slug": "/how-to-use-the-admin/feature-components/",
            "created_date": "2018-08-07T14:44:38.742Z",
            "modified_date": "2018-08-07T14:45:46.463Z",
            "author": 1
        }
    },
    {
        "model": "pages.page",
        "pk": 43,
        "fields": {
            "title": "Quote components",
            "parent": 39,
            "slug": "/how-to-use-the-admin/quote-components/",
            "created_date": "2018-08-07T14:49:03.960Z",
            "modified_date": "2018-08-07T14:49:03.960Z",
            "author": 1
        }
    },
    {
        "model": "pages.page",
        "pk": 44,
        "fields": {
            "title": "List Items components",
            "parent": 39,
            "slug": "/how-to-use-the-admin/list-items-components/",
            "created_date": "2018-08-07T14:55:55.219Z",
            "modified_date": "2018-08-07T14:57:29.938Z",
            "author": 1
        }
    }
]